{"content":[{"id":"86c61e0","settings":{"min_height":{"unit":"vh","size":80},"structure":"20","background_background":"classic","background_image":{"id":11,"url":"http:\/\/template.create-websites.org\/wp-content\/uploads\/2022\/05\/lee-miller-47629-unsplash.jpg"},"background_position":"top center","background_repeat":"no-repeat","background_size":"cover","boxed_width":{"unit":"px","size":1140},"padding_mobile":{"unit":"px","top":"15","right":"15","bottom":"15","left":"15","isLinked":true},"min_height_tablet":{"unit":"vh","size":57},"padding":{"unit":"px","top":"0","right":"0","bottom":"0","left":"0","isLinked":false},"padding_tablet":{"unit":"px","top":"55","right":"15","bottom":"55","left":"15","isLinked":false},"background_overlay_background":"classic","background_overlay_color":"#d6bd89","background_overlay_opacity":{"unit":"px","size":0.4699999999999999733546474089962430298328399658203125},"flex_direction":"column","flex_align_items":"center","flex_gap":{"size":10,"unit":"px"},"flex_justify_content":"center","min_height_mobile":{"unit":"vh","size":53,"sizes":[]}},"elements":[{"id":"9749719","settings":{"title":"Lorem Ipsum Dolor Sit","align":"center","title_color":"#ffffff","typography_typography":"custom","typography_font_size":{"unit":"em","size":5},"typography_font_weight":"900","align_mobile":"center","typography_font_size_mobile":{"unit":"em","size":2.5},"typography_font_family":"Nunito Sans","typography_font_size_tablet":{"unit":"em","size":3.5},"typography_line_height":{"unit":"em","size":1.1999999999999999555910790149937383830547332763671875},"_margin":{"unit":"px","top":"0","right":"0","bottom":"040","left":"0","isLinked":false},"_margin_mobile":{"unit":"px","top":"0","right":"0","bottom":"0","left":"0","isLinked":true},"_flex_align_self":"center"},"elements":[],"isInner":false,"widgetType":"heading","elType":"widget"},{"id":"11a2bf37","settings":{"text":"Lorem Ipsum","size":"md","typography_typography":"custom","typography_font_size":{"unit":"em","size":1},"background_color":"#ffab00","hover_color":"#060606","button_background_hover_color":"#FFAB00","button_hover_border_color":"#ffab00","border_border":"solid","border_width":{"unit":"px","top":"2","right":"2","bottom":"2","left":"2","isLinked":true},"border_radius":{"unit":"px","top":"0","right":"0","bottom":"0","left":"0","isLinked":true},"button_text_color":"#FCFCFC","border_color":"#ffab00","align_tablet":"left","align":"right","typography_font_family":"Nunito","typography_font_weight":"600","align_mobile":"center"},"elements":[],"isInner":false,"widgetType":"button","elType":"widget"}],"isInner":false,"elType":"container"},{"id":"2aa1f8ee","settings":{"min_height":{"unit":"vh","size":75,"sizes":[]},"min_height_tablet":{"unit":"vh","size":"","sizes":[]},"min_height_mobile":{"unit":"vh","size":"","sizes":[]},"flex_direction":"row","flex_align_items":"center","flex_justify_content":"center","flex_gap":{"unit":"px","size":76,"sizes":[]},"background_background":"classic","background_color":"#282828","background_image":{"id":12,"url":"http:\/\/template.create-websites.org\/wp-content\/uploads\/2022\/05\/austin-johnson-275715-unsplash-1.jpg"},"background_position":"center center","background_size":"cover","background_overlay_background":"classic","background_overlay_color":"#282828","background_overlay_image":{"url":"","id":"","alt":"","source":"library"},"background_overlay_position":"bottom center","background_overlay_size":"cover","background_overlay_opacity":{"unit":"px","size":0.90000000000000002220446049250313080847263336181640625,"sizes":[]}},"elements":[{"id":"591c1af5","settings":{"content_width":"full","width":{"unit":"%","size":41.40299999999999869260136620141565799713134765625},"_flex_size":"none","_element_width":"initial","width_tablet":{"unit":"px","size":318.64199999999999590727384202182292938232421875},"min_height":{"unit":"vh","size":50,"sizes":[]},"min_height_tablet":{"unit":"vh","size":"","sizes":[]},"min_height_mobile":{"unit":"vh","size":"","sizes":[]},"flex_justify_content":"center","_element_width_tablet":"initial","padding_tablet":{"unit":"%","top":"0","right":"0","bottom":"0","left":"0","isLinked":false},"padding_mobile":{"unit":"%","top":"","right":"","bottom":"","left":"","isLinked":true}},"elements":[{"id":"344b62a8","settings":{"image":{"id":11,"url":"http:\/\/template.create-websites.org\/wp-content\/uploads\/2022\/05\/lee-miller-47629-unsplash.jpg"},"align":"left","image_border_radius":{"unit":"px","top":"10","right":"10","bottom":"10","left":"10","isLinked":true},"align_tablet":"right","width_tablet":{"unit":"%","size":93,"sizes":[]},"align_mobile":"center"},"elements":[],"isInner":false,"widgetType":"image","elType":"widget"}],"isInner":false,"elType":"container"},{"id":"12f5bc11","settings":{"min_height":{"unit":"vh","size":50,"sizes":[]},"min_height_tablet":{"unit":"vh","size":"","sizes":[]},"min_height_mobile":{"unit":"vh","size":"","sizes":[]},"flex_justify_content":"center","padding_tablet":{"unit":"%","top":"0","right":"02","bottom":"0","left":"0","isLinked":false},"padding_mobile":{"unit":"%","top":"0","right":"02","bottom":"0","left":"02","isLinked":false}},"elements":[{"id":"20f4eebc","settings":{"title":"Lorem Ipsum","align":"right","title_color":"#ffffff","typography_typography":"custom","typography_font_size":{"unit":"em","size":3.79999999999999982236431605997495353221893310546875},"typography_font_weight":"800","align_mobile":"center","typography_font_size_mobile":{"unit":"em","size":2.5},"typography_font_family":"Nunito Sans","typography_font_size_tablet":{"unit":"em","size":3.5},"typography_line_height":{"unit":"em","size":0.8000000000000000444089209850062616169452667236328125}},"elements":[],"isInner":false,"widgetType":"heading","elType":"widget"},{"id":"44cbecc9","settings":{"editor":"<p>Vivamus consectetuer hendrerit lacus. Vivamus quis mi. Nulla porta dolor. Duis arcu tortor, suscipit eget, imperdiet nec, imperdiet iaculis, ipsum. Praesent blandit laoreet.<\/p><p>Donec commodo mauris id lectus efficitur laoreet. Ut ac turpis dictum sem tempus egestas euismod ac enim. Praesent quis ullamcorper dolor. Donec euismod rhoncus rutrum. Aliquam vel dictum augue. Sed dictum porta mi at viverra. Fusce magna ante, vulputate eu blandit a, pharetra quis orci.<\/p>","text_color":"#ffffff","typography_typography":"custom","typography_line_height":{"unit":"em","size":1.6999999999999999555910790149937383830547332763671875},"align_mobile":"center","align":"right","typography_font_family":"Nunito","typography_font_size":{"unit":"em","size":1},"typography_font_size_mobile":{"unit":"em","size":1},"align_tablet":"right"},"elements":[],"isInner":false,"widgetType":"text-editor","elType":"widget"},{"id":"2e555c8c","settings":{"width":{"unit":"%","size":34,"sizes":[]},"align":"right","align_mobile":"center","text":"Trenner","color":"#FFAB00","weight":{"unit":"px","size":3.79999999999999982236431605997495353221893310546875,"sizes":[]},"_margin":{"unit":"%","top":"-1","right":"0","bottom":"0","left":"0","isLinked":false},"_margin_tablet":{"unit":"%","top":"","right":"","bottom":"","left":"","isLinked":true},"_margin_mobile":{"unit":"%","top":"","right":"","bottom":"","left":"","isLinked":true}},"elements":[],"isInner":false,"widgetType":"divider","elType":"widget"},{"id":"7ae9cc70","settings":{"flex_direction":"row","flex_justify_content":"flex-end","flex_gap":{"unit":"px","size":42,"sizes":[]},"flex_justify_content_mobile":"center"},"elements":[{"id":"42138bcb","settings":{"text":"Lorem Ipsum","size":"md","typography_typography":"custom","typography_font_size":{"unit":"em","size":1},"background_color":"#ffab00","hover_color":"#060606","button_background_hover_color":"#FFAB00","button_hover_border_color":"#ffab00","border_border":"solid","border_width":{"unit":"px","top":"2","right":"2","bottom":"2","left":"2","isLinked":true},"border_radius":{"unit":"px","top":"0","right":"0","bottom":"0","left":"0","isLinked":true},"button_text_color":"#FCFCFC","border_color":"#ffab00","align_tablet":"right","align":"right","typography_font_family":"Nunito","typography_font_weight":"600","align_mobile":"center","_margin_mobile":{"unit":"%","top":"0","right":"0","bottom":"24","left":"0","isLinked":false}},"elements":[],"isInner":false,"widgetType":"button","elType":"widget"},{"id":"74e217cc","settings":{"text":"Lorem Ipsum","size":"md","typography_typography":"custom","typography_font_size":{"unit":"em","size":1},"background_color":"#ffab00","hover_color":"#060606","button_background_hover_color":"#FFAB00","button_hover_border_color":"#ffab00","border_border":"solid","border_width":{"unit":"px","top":"2","right":"2","bottom":"2","left":"2","isLinked":true},"border_radius":{"unit":"px","top":"0","right":"0","bottom":"0","left":"0","isLinked":true},"button_text_color":"#FCFCFC","border_color":"#ffab00","align_tablet":"right","align":"right","typography_font_family":"Nunito","typography_font_weight":"600","align_mobile":"center","_margin_mobile":{"unit":"%","top":"0","right":"0","bottom":"24","left":"0","isLinked":false}},"elements":[],"isInner":false,"widgetType":"button","elType":"widget"}],"isInner":false,"elType":"container"}],"isInner":false,"elType":"container"}],"isInner":false,"elType":"container"},{"id":"7abd9fb1","settings":{"flex_direction":"row","min_height":{"unit":"vh","size":60,"sizes":[]},"min_height_tablet":{"unit":"vh","size":"","sizes":[]},"min_height_mobile":{"unit":"vh","size":"","sizes":[]},"flex_align_items":"center","flex_justify_content":"center","flex_gap":{"unit":"px","size":72,"sizes":[]},"padding_tablet":{"unit":"%","top":"0","right":"2","bottom":"0","left":"02","isLinked":false},"padding_mobile":{"unit":"%","top":"","right":"","bottom":"","left":"","isLinked":true}},"elements":[{"id":"1a3226a1","settings":{"selected_icon":{"value":"fas fa-sun","library":"fa-solid"},"title_text":"Lorem","description_text":"Lorem ipsum dolor sit amet, <br>consectetur adipiscing elit. Ut elit tellus,<br> luctus nec ullamcorper mattis, <br>pulvinar dapibus leo.","position":"top","primary_color":"#FFAB00","icon_size":{"unit":"px","size":107,"sizes":[]},"rotate":{"unit":"deg","size":39,"sizes":[]},"title_color":"#FFAB00","title_typography_typography":"custom","title_typography_font_family":"Nunito Sans","title_typography_font_size":{"unit":"px","size":47,"sizes":[]},"title_typography_font_weight":"800","description_typography_typography":"custom","description_typography_font_family":"Nunito","description_typography_font_size":{"unit":"px","size":16,"sizes":[]},"description_typography_font_weight":"400"},"elements":[],"isInner":false,"widgetType":"icon-box","elType":"widget"},{"id":"6bb5f9bc","settings":{"selected_icon":{"value":"fas fa-temperature-high","library":"fa-solid"},"title_text":"Lorem","description_text":"Lorem ipsum dolor sit amet, <br>consectetur adipiscing elit. Ut elit tellus,<br> luctus nec ullamcorper mattis, <br>pulvinar dapibus leo.","position":"top","primary_color":"#FFAB00","icon_size":{"unit":"px","size":107,"sizes":[]},"rotate":{"unit":"deg","size":0,"sizes":[]},"title_color":"#FFAB00","title_typography_typography":"custom","title_typography_font_family":"Nunito Sans","title_typography_font_size":{"unit":"px","size":47,"sizes":[]},"title_typography_font_weight":"800","description_typography_typography":"custom","description_typography_font_family":"Nunito","description_typography_font_size":{"unit":"px","size":16,"sizes":[]},"description_typography_font_weight":"400"},"elements":[],"isInner":false,"widgetType":"icon-box","elType":"widget"},{"id":"69329fa0","settings":{"selected_icon":{"value":"fas fa-wind","library":"fa-solid"},"title_text":"Lorem","description_text":"Lorem ipsum dolor sit amet, <br>consectetur adipiscing elit. Ut elit tellus,<br> luctus nec ullamcorper mattis, <br>pulvinar dapibus leo.","position":"top","primary_color":"#FFAB00","icon_size":{"unit":"px","size":107,"sizes":[]},"rotate":{"unit":"deg","size":39,"sizes":[]},"title_color":"#FFAB00","title_typography_typography":"custom","title_typography_font_family":"Nunito Sans","title_typography_font_size":{"unit":"px","size":47,"sizes":[]},"title_typography_font_weight":"800","description_typography_typography":"custom","description_typography_font_family":"Nunito","description_typography_font_size":{"unit":"px","size":16,"sizes":[]},"description_typography_font_weight":"400"},"elements":[],"isInner":false,"widgetType":"icon-box","elType":"widget"}],"isInner":false,"elType":"container"}],"page_settings":[],"version":"0.4","title":"Home Example","type":"page"}